id_departamento,id_municipio,nombre,abb,codigo_dane,poblacion
5705,5705102,Santa Rosa de Osos,,5.686,0
5705,5705101,Santa Barbara,,5.679,0
5705,5705103,Santafe de Antioquia,,5.042,0
5705,5705104,Santo Domingo,,5.69,0
5705,5705105,Segovia,,5.736,0
5705,5705106,Sonson,,5.756,0
5705,5705107,Sopetran,,5.761,0
5705,5705108,Tamesis,,5.789,0
5705,5705109,Taraza,,5.79,0
5705,5705110,Tarso,,5.792,0
5705,5705111,Titiribi,,5.809,0
5705,5705112,Toledo,,5.819,0
5705,5705113,Turbo,,5.837,0
5705,5705114,Uramita,,5.842,0
5705,5705115,Urrao,,5.847,0
5705,5705116,Valdivia,,5.854,0
5705,5705117,Valparaiso,,5.856,0
5705,5705118,Vegachi,,5.858,0
5705,5705119,Venecia,,5.861,0
5705,5705120,Vigia del Fuerte,,5.873,0
5705,5705121,Yali,,5.885,0
5705,5705122,Yarumal,,5.887,0
5705,5705123,Yolombo,,5.89,0
5705,5705124,Yondo,,5.893,0
5705,5705125,Zaragoza,,5.895,0
5705,5705001,Abejorral,,5.002,0
5705,5705002,Abriaqui,,5.004,0
5705,5705003,Alejandria,,5.021,0
5705,5705004,Amaga,,5.03,0
5705,5705005,Amalfi,,5.031,0
5705,5705006,Andes,,5.034,0
5705,5705007,Angelopolis,,5.036,0
5705,5705008,Angostura,,5.038,0
5705,5705009,Anori,,5.04,0
5705,5705010,Anza,,5.044,0
5705,5705011,Apartado,,5.045,0
5705,5705012,Arboletes,,5.051,0
5705,5705013,Argelia,,5.055,0
5705,5705014,Armenia,,5.059,0
5705,5705015,Barbosa,,5.079,0
5705,5705016,Bello,,5.088,0
5705,5705017,Belmira,,5.086,0
5705,5705018,Betania,,5.091,0
5705,5705019,Betulia,,5.093,0
5705,5705020,Briceño,,5.107,0
5705,5705021,Buritica,,5.113,0
5705,5705022,Caceres,,5.12,0
5705,5705023,Caicedo,,5.125,0
5705,5705024,Caldas,,5.129,0
5705,5705025,Campamento,,5.134,0
5705,5705026,Caracoli,,5.142,0
5705,5705027,Caramanta,,5.145,0
5705,5705028,Carepa,,5.147,0
5705,5705029,Carolina,,5.15,0
5705,5705030,Caucasia,,5.154,0
5705,5705031,Cañasgordas,,5.138,0
5705,5705032,Chigorodo,,5.172,0
5705,5705033,Cisneros,,5.19,0
5705,5705034,Ciudad Bolivar,,5.101,0
5705,5705035,Cocorna,,5.197,0
5705,5705036,Concepcion,,5.206,0
5705,5705037,Concordia,,5.209,0
5705,5705038,Copacabana,,5.212,0
5705,5705039,Dabeiba,,5.234,0
5705,5705040,Don Matias,,5.237,0
5705,5705041,Ebejico,,5.24,0
5705,5705042,El Bagre,,5.25,0
5705,5705043,El Carmen de Viboral,,5.148,0
5705,5705044,El Santuario,,5.697,0
5705,5705045,Entrerrios,,5.264,0
5705,5705046,Envigado,,5.266,0
5705,5705047,Fredonia,,5.282,0
5705,5705048,Frontino,,5.284,0
5705,5705049,Giraldo,,5.306,0
5705,5705050,Girardota,,5.308,0
5705,5705051,Gomez Plata,,5.31,0
5705,5705052,Granada,,5.313,0
5705,5705053,Guadalupe,,5.315,0
5705,5705054,Guarne,,5.318,0
5705,5705055,Guatape,,5.321,0
5705,5705056,Heliconia,,5.347,0
5705,5705057,Hispania,,5.353,0
5705,5705058,Itagui,,5.36,0
5705,5705059,Ituango,,5.361,0
5705,5705060,Jardin,,5.364,0
5705,5705061,Jerico,,5.368,0
5705,5705062,La Ceja,,5.376,0
5705,5705063,La Estrella,,5.38,0
5705,5705064,La Pintada,,5.39,0
5705,5705065,La Union,,5.4,0
5705,5705066,Liborina,,5.411,0
5705,5705067,Maceo,,5.425,0
5705,5705068,Marinilla,,5.44,0
5705,5705069,Medellin,,5.001,0
5705,5705070,Montebello,,5.467,0
5705,5705071,Murindo,,5.475,0
5705,5705072,Mutata,,5.48,0
5705,5705073,Nariño,,5.483,0
5705,5705074,Nechi,,5.495,0
5705,5705075,Necocli,,5.49,0
5705,5705076,Olaya,,5.501,0
5705,5705077,Peque,,5.543,0
5705,5705078,Peñol,,5.541,0
5705,5705079,Pueblorrico,,5.576,0
5705,5705080,Puerto Berrio,,5.579,0
5705,5705081,Puerto Nare,,5.585,0
5705,5705082,Puerto Triunfo,,5.591,0
5705,5705083,Remedios,,5.604,0
5705,5705084,Retiro,,5.607,0
5705,5705085,Rionegro,,5.615,0
5705,5705086,Sabanalarga,,5.628,0
5705,5705087,Sabaneta,,5.631,0
5705,5705088,Salgar,,5.642,0
5705,5705089,San Andres de Cuerquia,,5.647,0
5705,5705090,San Carlos,,5.649,0
5705,5705091,San Francisco,,5.652,0
5705,5705092,San Jeronimo,,5.656,0
5705,5705093,San Jose de La Montaña,,5.658,0
5705,5705094,San Juan de Uraba,,5.659,0
5705,5705095,San Luis,,5.66,0
5705,5705096,San Pedro,,5.664,0
5705,5705097,San Pedro de Uraba,,5.665,0
5705,5705098,San Rafael,,5.667,0
5705,5705099,San Roque,,5.67,0
5705,5705100,San Vicente,,5.674,0
5708,5708004,Candelaria,,8.141,0
5708,5708023,Usiacuri,,8.849,0
5708,5708022,Tubara,,8.832,0
5708,5708021,Suan,,8.77,0
5708,5708020,Soledad,,8.758,0
5708,5708019,Santo Tomas,,8.685,0
5708,5708018,Santa Lucia,,8.675,0
5708,5708017,Sabanalarga,,8.638,0
5708,5708016,Sabanagrande,,8.634,0
5708,5708015,Repelon,,8.606,0
5708,5708014,Puerto Colombia,,8.573,0
5708,5708013,Ponedera,,8.56,0
5708,5708012,Polonuevo,,8.558,0
5708,5708005,Galapa,,8.296,0
5708,5708011,Piojo,,8.549,0
5708,5708010,Palmar de Varela,,8.52,0
5708,5708009,Manati,,8.436,0
5708,5708008,Malambo,,8.433,0
5708,5708007,Luruaco,,8.421,0
5708,5708006,Juan de Acosta,,8.372,0
5708,5708001,Baranoa,,8.078,0
5708,5708002,Barranquilla,,8.001,0
5708,5708003,Campo de La Cruz,,8.137,0
5711,5711001,Bogota D.C.,,11.001,0
5713,5713012,Cordoba,,13.212,0
5713,5713001,Achi,,13.006,0
5713,5713002,Altos del Rosario,,13.03,0
5713,5713003,Arenal,,13.042,0
5713,5713004,Arjona,,13.052,0
5713,5713005,Arroyohondo,,13.062,0
5713,5713006,Barranco de Loba,,13.074,0
5713,5713007,Calamar,,13.14,0
5713,5713008,Cantagallo,,13.16,0
5713,5713009,Cartagena,,13.001,0
5713,5713010,Cicuco,,13.188,0
5713,5713011,Clemencia,,13.222,0
5713,5713013,El Carmen de Bolivar,,13.244,0
5713,5713014,El Guamo,,13.248,0
5713,5713015,El Peñon,,13.268,0
5713,5713016,Hatillo de Loba,,13.3,0
5713,5713017,Magangue,,13.43,0
5713,5713018,Mahates,,13.433,0
5713,5713019,Margarita,,13.44,0
5713,5713020,Maria la Baja,,13.442,0
5713,5713021,Mompos,,13.468,0
5713,5713022,Montecristo,,13.458,0
5713,5713023,Morales,,13.473,0
5713,5713024,Norosi,,13.49,0
5713,5713025,Pinillos,,13.549,0
5713,5713026,Regidor,,13.58,0
5713,5713027,Rio Viejo,,13.6,0
5713,5713028,San Cristobal,,13.62,0
5713,5713029,San Estanislao,,13.647,0
5713,5713030,San Fernando,,13.65,0
5713,5713031,San Jacinto,,13.654,0
5713,5713032,San Jacinto del Cauca,,13.655,0
5713,5713033,San Juan Nepomuceno,,13.657,0
5713,5713034,San Martin de Loba,,13.667,0
5713,5713035,San Pablo de Borbur,,13.67,0
5713,5713036,Santa Catalina,,13.673,0
5713,5713037,Santa Rosa,,13.683,0
5713,5713038,Santa Rosa del Sur,,13.688,0
5713,5713039,Simiti,,13.744,0
5713,5713040,Soplaviento,,13.76,0
5713,5713041,Talaigua Nuevo,,13.78,0
5713,5713042,Tiquisio,,13.81,0
5713,5713043,Turbaco,,13.836,0
5713,5713044,Turbana,,13.838,0
5713,5713045,Villanueva,,13.873,0
5713,5713046,Zambrano,,13.894,0
5715,5715021,Chivata,,15.187,0
5715,5715081,San Jose de Pare,,15.664,0
5715,5715082,San Luis de Gaceno,,15.667,0
5715,5715083,San Mateo,,15.673,0
5715,5715084,San Miguel de Sema,,15.676,0
5715,5715085,San Pablo de Borbur,,15.681,0
5715,5715086,Santa Maria,,15.69,0
5715,5715087,Santa Rosa de Viterbo,,15.693,0
5715,5715088,Santa Sofia,,15.696,0
5715,5715089,Santana,,15.686,0
5715,5715090,Sativanorte,,15.72,0
5715,5715091,Sativasur,,15.723,0
5715,5715092,Siachoque,,15.74,0
5715,5715093,Soata,,15.753,0
5715,5715094,Socha,,15.757,0
5715,5715095,Socota,,15.755,0
5715,5715096,Sogamoso,,15.759,0
5715,5715097,Somondoco,,15.761,0
5715,5715098,Sora,,15.762,0
5715,5715099,Soraca,,15.764,0
5715,5715100,Sotaquira,,15.763,0
5715,5715101,Susacon,,15.774,0
5715,5715102,Sutamarchan,,15.776,0
5715,5715103,Sutatenza,,15.778,0
5715,5715104,Tasco,,15.79,0
5715,5715105,Tenza,,15.798,0
5715,5715106,Tibana,,15.804,0
5715,5715107,Tibasosa,,15.806,0
5715,5715108,Tinjaca,,15.808,0
5715,5715109,Tipacoque,,15.81,0
5715,5715110,Toca,,15.814,0
5715,5715111,Togñi,,15.816,0
5715,5715112,Topaga,,15.82,0
5715,5715113,Tota,,15.822,0
5715,5715114,Tunja,,15.001,0
5715,5715115,Tunungua,,15.832,0
5715,5715116,Turmeque,,15.835,0
5715,5715117,Tuta,,15.837,0
5715,5715118,Tutaza,,15.839,0
5715,5715119,Umbita,,15.842,0
5715,5715120,Ventaquemada,,15.861,0
5715,5715121,Villa de Leyva,,15.407,0
5715,5715122,Viracacha,,15.879,0
5715,5715123,Zetaquira,,15.897,0
5715,5715001,Almeida,,15.022,0
5715,5715002,Aquitania,,15.047,0
5715,5715003,Arcabuco,,15.051,0
5715,5715004,Belen,,15.087,0
5715,5715005,Berbeo,,15.09,0
5715,5715006,Beteitiva,,15.092,0
5715,5715007,Boavita,,15.097,0
5715,5715008,Boyaca,,15.104,0
5715,5715009,Briceño,,15.106,0
5715,5715010,Buena Vista,,15.109,0
5715,5715011,Busbanza,,15.114,0
5715,5715012,Caldas,,15.131,0
5715,5715013,Campohermoso,,15.135,0
5715,5715014,Cerinza,,15.162,0
5715,5715015,Chinavita,,15.172,0
5715,5715016,Chiquinquira,,15.176,0
5715,5715017,Chiquiza,,15.232,0
5715,5715018,Chiscas,,15.18,0
5715,5715019,Chita,,15.183,0
5715,5715020,Chitaraque,,15.185,0
5715,5715022,Chivor,,15.236,0
5715,5715023,Cienega,,15.189,0
5715,5715024,Combita,,15.204,0
5715,5715025,Coper,,15.212,0
5715,5715026,Corrales,,15.215,0
5715,5715027,Covarachia,,15.218,0
5715,5715028,Cubara,,15.223,0
5715,5715029,Cucaita,,15.224,0
5715,5715030,Cuitiva,,15.226,0
5715,5715031,Duitama,,15.238,0
5715,5715032,El Cocuy,,15.244,0
5715,5715033,El Espino,,15.248,0
5715,5715034,Firavitoba,,15.272,0
5715,5715035,Floresta,,15.276,0
5715,5715036,Gachantiva,,15.293,0
5715,5715037,Gameza,,15.296,0
5715,5715038,Garagoa,,15.299,0
5715,5715039,Guacamayas,,15.317,0
5715,5715040,Guateque,,15.322,0
5715,5715041,Guayata,,15.325,0
5715,5715042,Gñican,,15.332,0
5715,5715043,Iza,,15.362,0
5715,5715044,Jenesano,,15.367,0
5715,5715045,Jerico,,15.368,0
5715,5715046,La Capilla,,15.38,0
5715,5715047,La Uvita,,15.403,0
5715,5715048,La Victoria,,15.401,0
5715,5715049,Labranzagrande,,15.377,0
5715,5715050,Macanal,,15.425,0
5715,5715051,Maripi,,15.442,0
5715,5715052,Miraflores,,15.455,0
5715,5715053,Mongua,,15.464,0
5715,5715054,Mongui,,15.466,0
5715,5715055,Moniquira,,15.469,0
5715,5715056,Motavita,,15.476,0
5715,5715057,Muzo,,15.48,0
5715,5715058,Nobsa,,15.491,0
5715,5715059,Nuevo Colon,,15.494,0
5715,5715060,Oicata,,15.5,0
5715,5715061,Otanche,,15.507,0
5715,5715062,Pachavita,,15.511,0
5715,5715063,Paez,,15.514,0
5715,5715064,Paipa,,15.516,0
5715,5715065,Pajarito,,15.518,0
5715,5715066,Panqueba,,15.522,0
5715,5715067,Pauna,,15.531,0
5715,5715068,Paya,,15.533,0
5715,5715069,Paz de Rio,,15.537,0
5715,5715070,Pesca,,15.542,0
5715,5715071,Pisba,,15.55,0
5715,5715072,Puerto Boyaca,,15.572,0
5715,5715073,Quipama,,15.58,0
5715,5715074,Ramiriqui,,15.599,0
5715,5715075,Raquira,,15.6,0
5715,5715076,Rondon,,15.621,0
5715,5715077,Saboya,,15.632,0
5715,5715078,Sachica,,15.638,0
5715,5715079,Samaca,,15.646,0
5715,5715080,San Eduardo,,15.66,0
5717,5717015,Norcasia,,17.495,0
5717,5717006,Filadelfia,,17.272,0
5717,5717007,La Dorada,,17.38,0
5717,5717008,La Merced,,17.388,0
5717,5717009,Manizales,,17.001,0
5717,5717010,Manzanares,,17.433,0
5717,5717011,Marmato,,17.442,0
5717,5717012,Marquetalia,,17.444,0
5717,5717013,Marulanda,,17.446,0
5717,5717014,Neira,,17.486,0
5717,5717005,Chinchina,,17.174,0
5717,5717016,Pacora,,17.513,0
5717,5717017,Palestina,,17.524,0
5717,5717018,Pensilvania,,17.541,0
5717,5717019,Riosucio,,17.614,0
5717,5717020,Risaralda,,17.616,0
5717,5717021,Salamina,,17.653,0
5717,5717022,Samana,,17.662,0
5717,5717023,San Jose,,17.665,0
5717,5717002,Anserma,,17.042,0
5717,5717003,Aranzazu,,17.05,0
5717,5717001,Aguadas,,17.013,0
5717,5717024,Supia,,17.777,0
5717,5717025,Victoria,,17.867,0
5717,5717026,Villamaria,,17.873,0
5717,5717027,Viterbo,,17.877,0
5717,5717004,Belalcazar,,17.088,0
5718,5718012,San Jose del Fragua,,18.61,0
5718,5718010,Morelia,,18.479,0
5718,5718011,Puerto Rico,,18.592,0
5718,5718001,Albania,,18.029,0
5718,5718002,Belen de Los Andaquies,,18.094,0
5718,5718003,Cartagena del Chaira,,18.15,0
5718,5718004,Curillo,,18.205,0
5718,5718005,El Doncello,,18.247,0
5718,5718013,San Vicente del Caguan,,18.753,0
5718,5718014,Solano,,18.756,0
5718,5718015,Solita,,18.785,0
5718,5718016,Valparaiso,,18.86,0
5718,5718006,El Paujil,,18.256,0
5718,5718007,Florencia,,18.001,0
5718,5718008,La Montañita,,18.41,0
5718,5718009,Milan,,18.46,0
5719,5719024,Patia,,19.532,0
5719,5719001,Almaguer,,19.022,0
5719,5719002,Argelia,,19.05,0
5719,5719003,Balboa,,19.075,0
5719,5719004,Bolivar,,19.1,0
5719,5719005,Buenos Aires,,19.11,0
5719,5719006,Cajibio,,19.13,0
5719,5719007,Caldono,,19.137,0
5719,5719008,Caloto,,19.142,0
5719,5719009,Corinto,,19.212,0
5719,5719010,El Tambo,,19.256,0
5719,5719011,Florencia,,19.29,0
5719,5719012,Guachene,,19.3,0
5719,5719013,Guapi,,19.318,0
5719,5719014,Inza,,19.355,0
5719,5719015,Jambalo,,19.364,0
5719,5719016,La Sierra,,19.392,0
5719,5719017,La Vega,,19.397,0
5719,5719018,Lopez,,19.418,0
5719,5719019,Mercaderes,,19.45,0
5719,5719020,Miranda,,19.455,0
5719,5719021,Morales,,19.473,0
5719,5719022,Padilla,,19.513,0
5719,5719023,Paez,,19.517,0
5719,5719025,Piamonte,,19.533,0
5719,5719026,Piendamo,,19.548,0
5719,5719027,Popayan,,19.001,0
5719,5719028,Puerto Tejada,,19.573,0
5719,5719029,Purace,,19.585,0
5719,5719030,Rosas,,19.622,0
5719,5719031,San Sebastian,,19.693,0
5719,5719032,Santa Rosa,,19.701,0
5719,5719033,Santander de Quilichao,,19.698,0
5719,5719034,Silvia,,19.743,0
5719,5719035,Sotara,,19.76,0
5719,5719036,Suarez,,19.78,0
5719,5719037,Sucre,,19.785,0
5719,5719038,Timbio,,19.807,0
5719,5719039,Timbiqui,,19.809,0
5719,5719040,Toribio,,19.821,0
5719,5719041,Totoro,,19.824,0
5719,5719042,Villa Rica,,19.845,0
5720,5720017,Pailitas,,20.517,0
5720,5720025,Valledupar,,20.001,0
5720,5720024,Tamalameque,,20.787,0
5720,5720023,San Martin,,20.77,0
5720,5720022,San Diego,,20.75,0
5720,5720021,San Alberto,,20.71,0
5720,5720020,Rio de Oro,,20.614,0
5720,5720019,Pueblo Bello,,20.57,0
5720,5720018,Pelaya,,20.55,0
5720,5720001,Aguachica,,20.011,0
5720,5720002,Agustin Codazzi,,20.013,0
5720,5720003,Astrea,,20.032,0
5720,5720004,Becerril,,20.045,0
5720,5720005,Bosconia,,20.06,0
5720,5720006,Chimichagua,,20.175,0
5720,5720007,Chiriguana,,20.178,0
5720,5720008,Curumani,,20.228,0
5720,5720009,El Copey,,20.238,0
5720,5720010,El Paso,,20.25,0
5720,5720011,Gamarra,,20.295,0
5720,5720012,Gonzalez,,20.31,0
5720,5720013,La Gloria,,20.383,0
5720,5720014,La Jagua de Ibirico,,20.4,0
5720,5720015,La Paz,,20.621,0
5720,5720016,Manaure,,20.443,0
5723,5723006,Chinu,,23.182,0
5723,5723005,Chima,,23.168,0
5723,5723003,Canalete,,23.09,0
5723,5723002,Buenavista,,23.079,0
5723,5723001,Ayapel,,23.068,0
5723,5723004,Cerete,,23.162,0
5723,5723030,Valencia,,23.855,0
5723,5723029,Tuchin,,23.815,0
5723,5723028,Tierralta,,23.807,0
5723,5723027,San Pelayo,,23.686,0
5723,5723026,San Jose de Ure,,23.682,0
5723,5723025,San Carlos,,23.678,0
5723,5723024,San Bernardo del Viento,,23.675,0
5723,5723023,San Antero,,23.672,0
5723,5723022,San Andres Sotavento,,23.67,0
5723,5723021,Sahagun,,23.66,0
5723,5723020,Purisima,,23.586,0
5723,5723019,Puerto Libertador,,23.58,0
5723,5723018,Puerto Escondido,,23.574,0
5723,5723017,Pueblo Nuevo,,23.57,0
5723,5723016,Planeta Rica,,23.555,0
5723,5723015,Moñitos,,23.5,0
5723,5723014,Monteria,,23.001,0
5723,5723013,Montelibano,,23.466,0
5723,5723012,Momil,,23.464,0
5723,5723011,Los Cordobas,,23.419,0
5723,5723010,Lorica,,23.417,0
5723,5723009,La Apartada,,23.35,0
5723,5723008,Cotorra,,23.3,0
5723,5723007,Cienaga de Oro,,23.189,0
5725,5725042,Guataqui,,25.324,0
5725,5725001,Agua de Dios,,25.001,0
5725,5725002,Alban,,25.019,0
5725,5725003,Anapoima,,25.035,0
5725,5725004,Anolaima,,25.04,0
5725,5725005,Apulo,,25.599,0
5725,5725006,Arbelaez,,25.053,0
5725,5725007,Beltran,,25.086,0
5725,5725008,Bituima,,25.095,0
5725,5725009,Bojaca,,25.099,0
5725,5725010,Cabrera,,25.12,0
5725,5725011,Cachipay,,25.123,0
5725,5725012,Cajica,,25.126,0
5725,5725013,Caparrapi,,25.148,0
5725,5725014,Caqueza,,25.151,0
5725,5725015,Carmen de Carupa,,25.154,0
5725,5725016,Chaguani,,25.168,0
5725,5725017,Chia,,25.175,0
5725,5725018,Chipaque,,25.178,0
5725,5725019,Choachi,,25.181,0
5725,5725020,Choconta,,25.183,0
5725,5725021,Cogua,,25.2,0
5725,5725022,Cota,,25.214,0
5725,5725023,Cucunuba,,25.224,0
5725,5725024,El Colegio,,25.245,0
5725,5725025,El Peñon,,25.258,0
5725,5725026,El Rosal,,25.26,0
5725,5725027,Facatativa,,25.269,0
5725,5725028,Fomeque,,25.279,0
5725,5725029,Fosca,,25.281,0
5725,5725030,Funza,,25.286,0
5725,5725031,Fuquene,,25.288,0
5725,5725032,Fusagasuga,,25.29,0
5725,5725033,Gachala,,25.293,0
5725,5725034,Gachancipa,,25.295,0
5725,5725035,Gacheta,,25.297,0
5725,5725036,Gama,,25.299,0
5725,5725037,Girardot,,25.307,0
5725,5725038,Granada,,25.312,0
5725,5725039,Guacheta,,25.317,0
5725,5725040,Guaduas,,25.32,0
5725,5725041,Guasca,,25.322,0
5725,5725043,Guatavita,,25.326,0
5725,5725044,Guayabal de Siquima,,25.328,0
5725,5725045,Guayabetal,,25.335,0
5725,5725046,Gutierrez,,25.339,0
5725,5725047,Jerusalen,,25.368,0
5725,5725048,Junin,,25.372,0
5725,5725049,La Calera,,25.377,0
5725,5725050,La Mesa,,25.386,0
5725,5725051,La Palma,,25.394,0
5725,5725052,La Peña,,25.398,0
5725,5725053,La Vega,,25.402,0
5725,5725054,Lenguazaque,,25.407,0
5725,5725055,Macheta,,25.426,0
5725,5725056,Madrid,,25.43,0
5725,5725057,Manta,,25.436,0
5725,5725058,Medina,,25.438,0
5725,5725059,Mosquera,,25.473,0
5725,5725060,Nariño,,25.483,0
5725,5725061,Nemocon,,25.486,0
5725,5725062,Nilo,,25.488,0
5725,5725063,Nimaima,,25.489,0
5725,5725064,Nocaima,,25.491,0
5725,5725065,Pacho,,25.513,0
5725,5725066,Paime,,25.518,0
5725,5725067,Pandi,,25.524,0
5725,5725068,Paratebueno,,25.53,0
5725,5725069,Pasca,,25.535,0
5725,5725070,Puerto Salgar,,25.572,0
5725,5725071,Puli,,25.58,0
5725,5725072,Quebradanegra,,25.592,0
5725,5725073,Quetame,,25.594,0
5725,5725074,Quipile,,25.596,0
5725,5725075,Ricaurte,,25.612,0
5725,5725076,San Antonio del Tequendama,,25.645,0
5725,5725077,San Bernardo,,25.649,0
5725,5725078,San Cayetano,,25.653,0
5725,5725079,San Francisco,,25.658,0
5725,5725080,San Juan de Rio Seco,,25.662,0
5725,5725081,Sasaima,,25.718,0
5725,5725082,Sesquile,,25.736,0
5725,5725083,Sibate,,25.74,0
5725,5725084,Silvania,,25.743,0
5725,5725085,Simijaca,,25.745,0
5725,5725086,Soacha,,25.754,0
5725,5725087,Sopo,,25.758,0
5725,5725088,Subachoque,,25.769,0
5725,5725089,Suesca,,25.772,0
5725,5725090,Supata,,25.777,0
5725,5725091,Susa,,25.779,0
5725,5725092,Sutatausa,,25.781,0
5725,5725093,Tabio,,25.785,0
5725,5725094,Tausa,,25.793,0
5725,5725095,Tena,,25.797,0
5725,5725096,Tenjo,,25.799,0
5725,5725097,Tibacuy,,25.805,0
5725,5725098,Tibirita,,25.807,0
5725,5725099,Tocaima,,25.815,0
5725,5725100,Tocancipa,,25.817,0
5725,5725101,Topaipi,,25.823,0
5725,5725102,Ubala,,25.839,0
5725,5725103,Ubaque,,25.841,0
5725,5725104,Une,,25.845,0
5725,5725105,Venecia,,25.506,0
5725,5725106,Vergara,,25.862,0
5725,5725107,Viani,,25.867,0
5725,5725108,Villa de San Diego de Ubate,,25.843,0
5725,5725109,Villagomez,,25.871,0
5725,5725110,Villapinzon,,25.873,0
5725,5725111,Villeta,,25.875,0
5725,5725112,Viota,,25.878,0
5725,5725113,Yacopi,,25.885,0
5725,5725114,Zipacon,,25.898,0
5725,5725115,Zipaquira,,25.899,0
5725,5725116,utica,,25.851,0
5727,5727030,Unguia,,27.8,0
5727,5727017,Lloro,,27.413,0
5727,5727016,Jurado,,27.372,0
5727,5727015,Istmina,,27.361,0
5727,5727014,El Litoral del San Juan,,27.25,0
5727,5727013,El Carmen de Atrato,,27.245,0
5727,5727012,El Canton del San Pablo,,27.135,0
5727,5727011,Condoto,,27.205,0
5727,5727010,Certegui,,27.16,0
5727,5727001,Acandi,,27.006,0
5727,5727002,Alto Baudo,,27.025,0
5727,5727003,Atrato,,27.05,0
5727,5727004,Bagado,,27.073,0
5727,5727005,Bahia Solano,,27.075,0
5727,5727006,Bajo Baudo,,27.077,0
5727,5727007,Belen de Bajira,,27.086,0
5727,5727008,Bojaya,,27.099,0
5727,5727009,Carmen del Darien,,27.15,0
5727,5727018,Medio Atrato,,27.425,0
5727,5727019,Medio Baudo,,27.43,0
5727,5727020,Medio San Juan,,27.45,0
5727,5727021,Novita,,27.491,0
5727,5727022,Nuqui,,27.495,0
5727,5727023,Quibdo,,27.001,0
5727,5727024,Rio Iro,,27.58,0
5727,5727025,Rio Quito,,27.6,0
5727,5727026,Riosucio,,27.615,0
5727,5727027,San Jose del Palmar,,27.66,0
5727,5727028,Sipi,,27.745,0
5727,5727031,Union Panamericana,,27.81,0
5727,5727029,Tado,,27.787,0
5741,5741001,Acevedo,,41.006,0
5741,5741023,Palestina,,41.53,0
5741,5741022,Palermo,,41.524,0
5741,5741021,Paicol,,41.518,0
5741,5741020,Oporapa,,41.503,0
5741,5741019,Neiva,,41.001,0
5741,5741018,Nataga,,41.483,0
5741,5741037,Yaguara,,41.885,0
5741,5741036,Villavieja,,41.872,0
5741,5741035,Timana,,41.807,0
5741,5741034,Tesalia,,41.797,0
5741,5741033,Teruel,,41.801,0
5741,5741032,Tello,,41.799,0
5741,5741031,Tarqui,,41.791,0
5741,5741030,Suaza,,41.77,0
5741,5741029,Santa Maria,,41.676,0
5741,5741028,San Agustin,,41.668,0
5741,5741027,Saladoblanco,,41.66,0
5741,5741026,Rivera,,41.615,0
5741,5741025,Pitalito,,41.551,0
5741,5741024,Pital,,41.548,0
5741,5741017,La Plata,,41.396,0
5741,5741016,La Argentina,,41.378,0
5741,5741015,Isnos,,41.359,0
5741,5741014,Iquira,,41.357,0
5741,5741013,Hobo,,41.349,0
5741,5741012,Guadalupe,,41.319,0
5741,5741011,Gigante,,41.306,0
5741,5741010,Garzon,,41.298,0
5741,5741009,Elias,,41.244,0
5741,5741008,Colombia,,41.206,0
5741,5741007,Campoalegre,,41.132,0
5741,5741006,Baraya,,41.078,0
5741,5741005,Altamira,,41.026,0
5741,5741004,Algeciras,,41.02,0
5741,5741003,Aipe,,41.016,0
5741,5741002,Agrado,,41.013,0
5744,5744005,El Molino,,44.11,0
5744,5744001,Albania,,44.035,0
5744,5744002,Barrancas,,44.078,0
5744,5744003,Dibula,,44.09,0
5744,5744004,Distraccion,,44.098,0
5744,5744006,Fonseca,,44.279,0
5744,5744007,Hatonuevo,,44.378,0
5744,5744008,La Jagua del Pilar,,44.42,0
5744,5744009,Maicao,,44.43,0
5744,5744010,Manaure,,44.56,0
5744,5744011,Riohacha,,44.001,0
5744,5744012,San Juan del Cesar,,44.65,0
5744,5744013,Uribia,,44.847,0
5744,5744014,Urumita,,44.855,0
5744,5744015,Villanueva,,44.874,0
5747,5747007,Concordia,,47.205,0
5747,5747022,San Sebastian de Buenavista,,47.692,0
5747,5747021,Salamina,,47.675,0
5747,5747020,Sabanas de San Angel,,47.66,0
5747,5747019,Remolino,,47.605,0
5747,5747018,Pueblo Viejo,,47.57,0
5747,5747017,Plato,,47.555,0
5747,5747016,Pivijay,,47.551,0
5747,5747015,Pijiño del Carmen,,47.545,0
5747,5747014,Pedraza,,47.541,0
5747,5747013,Nueva Granada,,47.46,0
5747,5747012,Guamal,,47.318,0
5747,5747011,Fundacion,,47.288,0
5747,5747010,El Reten,,47.268,0
5747,5747009,El Piñon,,47.258,0
5747,5747001,Algarrobo,,47.03,0
5747,5747002,Aracataca,,47.053,0
5747,5747003,Ariguani,,47.058,0
5747,5747004,Cerro San Antonio,,47.161,0
5747,5747008,El Banco,,47.245,0
5747,5747005,Chivolo,,47.17,0
5747,5747006,Cienaga,,47.189,0
5747,5747023,San Zenon,,47.703,0
5747,5747024,Santa Ana,,47.707,0
5747,5747025,Santa Barbara de Pinto,,47.72,0
5747,5747026,Santa Marta,,47.001,0
5747,5747027,Sitionuevo,,47.745,0
5747,5747028,Tenerife,,47.798,0
5747,5747029,Zapayan,,47.96,0
5747,5747030,Zona Bananera,,47.98,0
5750,5750005,Cubarral,,50.223,0
5750,5750006,Cumaral,,50.226,0
5750,5750007,El Calvario,,50.245,0
5750,5750008,El Castillo,,50.251,0
5750,5750009,El Dorado,,50.27,0
5750,5750010,Fuente de Oro,,50.287,0
5750,5750011,Granada,,50.313,0
5750,5750012,Guamal,,50.318,0
5750,5750013,La Macarena,,50.35,0
5750,5750014,Lejanias,,50.4,0
5750,5750015,Mapiripan,,50.325,0
5750,5750016,Mesetas,,50.33,0
5750,5750017,Puerto Concordia,,50.45,0
5750,5750018,Puerto Gaitan,,50.568,0
5750,5750019,Puerto Lleras,,50.577,0
5750,5750020,Puerto Lopez,,50.573,0
5750,5750021,Puerto Rico,,50.59,0
5750,5750022,Restrepo,,50.606,0
5750,5750023,San Carlos de Guaroa,,50.68,0
5750,5750024,San Juan de Arama,,50.683,0
5750,5750025,San Juanito,,50.686,0
5750,5750026,San Martin,,50.689,0
5750,5750004,Castilla la Nueva,,50.15,0
5750,5750027,Uribe,,50.37,0
5750,5750028,Villavicencio,,50.001,0
5750,5750029,Vista Hermosa,,50.711,0
5750,5750002,Barranca de Upia,,50.11,0
5750,5750003,Cabuyaro,,50.124,0
5750,5750001,Acacias,,50.006,0
5752,5752008,Chachagñi,,52.24,0
5752,5752010,Consaca,,52.207,0
5752,5752011,Contadero,,52.21,0
5752,5752012,Cordoba,,52.215,0
5752,5752013,Cuaspud,,52.224,0
5752,5752014,Cumbal,,52.227,0
5752,5752015,Cumbitara,,52.233,0
5752,5752016,El Charco,,52.25,0
5752,5752017,El Peñol,,52.254,0
5752,5752018,El Rosario,,52.256,0
5752,5752019,El Tablon de Gomez,,52.258,0
5752,5752020,El Tambo,,52.26,0
5752,5752021,Francisco Pizarro,,52.52,0
5752,5752022,Funes,,52.287,0
5752,5752023,Guachucal,,52.317,0
5752,5752024,Guaitarilla,,52.32,0
5752,5752025,Gualmatan,,52.323,0
5752,5752026,Iles,,52.352,0
5752,5752027,Imues,,52.354,0
5752,5752028,Ipiales,,52.356,0
5752,5752029,La Cruz,,52.378,0
5752,5752030,La Florida,,52.381,0
5752,5752031,La Llanada,,52.385,0
5752,5752032,La Tola,,52.39,0
5752,5752033,La Union,,52.399,0
5752,5752034,Leiva,,52.405,0
5752,5752035,Linares,,52.411,0
5752,5752036,Los Andes,,52.418,0
5752,5752037,Magñi,,52.427,0
5752,5752038,Mallama,,52.435,0
5752,5752039,Mosquera,,52.473,0
5752,5752040,Nariño,,52.48,0
5752,5752064,Yacuanquer,,52.885,0
5752,5752063,Tuquerres,,52.838,0
5752,5752062,Tangua,,52.788,0
5752,5752061,Taminango,,52.786,0
5752,5752060,Sapuyes,,52.72,0
5752,5752059,Santacruz,,52.699,0
5752,5752058,Santa Barbara,,52.696,0
5752,5752057,Sandona,,52.683,0
5752,5752056,San Pedro de Cartago,,52.694,0
5752,5752055,San Pablo,,52.693,0
5752,5752054,San Lorenzo,,52.687,0
5752,5752053,San Bernardo,,52.685,0
5752,5752052,San Andres de Tumaco,,52.835,0
5752,5752051,Samaniego,,52.678,0
5752,5752050,Roberto Payan,,52.621,0
5752,5752049,Ricaurte,,52.612,0
5752,5752048,Pupiales,,52.585,0
5752,5752047,Puerres,,52.573,0
5752,5752046,Providencia,,52.565,0
5752,5752045,Potosi,,52.56,0
5752,5752044,Policarpa,,52.54,0
5752,5752043,Pasto,,52.001,0
5752,5752042,Ospina,,52.506,0
5752,5752001,Alban,,52.019,0
5752,5752002,Aldana,,52.022,0
5752,5752003,Ancuya,,52.036,0
5752,5752004,Arboleda,,52.051,0
5752,5752041,Olaya Herrera,,52.49,0
5752,5752005,Barbacoas,,52.079,0
5752,5752006,Belen,,52.083,0
5752,5752007,Buesaco,,52.11,0
5752,5752009,Colon,,52.203,0
5754,5754023,Lourdes,,54.418,0
5754,5754009,Convencion,,54.206,0
5754,5754010,Cucuta,,54.001,0
5754,5754011,Cucutilla,,54.223,0
5754,5754012,Durania,,54.239,0
5754,5754013,El Carmen,,54.245,0
5754,5754014,El Tarra,,54.25,0
5754,5754016,Gramalote,,54.313,0
5754,5754017,Hacari,,54.344,0
5754,5754018,Herran,,54.347,0
5754,5754019,La Esperanza,,54.385,0
5754,5754020,La Playa,,54.398,0
5754,5754021,Labateca,,54.377,0
5754,5754022,Los Patios,,54.405,0
5754,5754015,El Zulia,,54.261,0
5754,5754024,Mutiscua,,54.48,0
5754,5754025,Ocaña,,54.498,0
5754,5754026,Pamplona,,54.518,0
5754,5754027,Pamplonita,,54.52,0
5754,5754028,Puerto Santander,,54.553,0
5754,5754029,Ragonvalia,,54.599,0
5754,5754006,Cacota,,54.125,0
5754,5754005,Cachira,,54.128,0
5754,5754004,Bucarasica,,54.109,0
5754,5754003,Bochalema,,54.099,0
5754,5754002,Arboledas,,54.051,0
5754,5754001,Abrego,,54.003,0
5754,5754030,Salazar,,54.66,0
5754,5754031,San Calixto,,54.67,0
5754,5754032,San Cayetano,,54.673,0
5754,5754033,Santiago,,54.68,0
5754,5754034,Sardinata,,54.72,0
5754,5754035,Silos,,54.743,0
5754,5754036,Teorama,,54.8,0
5754,5754037,Tibu,,54.81,0
5754,5754038,Toledo,,54.82,0
5754,5754039,Villa Caro,,54.871,0
5754,5754040,Villa del Rosario,,54.874,0
5754,5754007,Chinacota,,54.172,0
5754,5754008,Chitaga,,54.174,0
5763,5763012,Salento,,63.69,0
5763,5763011,Quimbaya,,63.594,0
5763,5763010,Pijao,,63.548,0
5763,5763009,Montenegro,,63.47,0
5763,5763008,La Tebaida,,63.401,0
5763,5763004,Circasia,,63.19,0
5763,5763005,Cordoba,,63.212,0
5763,5763006,Filandia,,63.272,0
5763,5763007,Genova,,63.302,0
5763,5763001,Armenia,,63.001,0
5763,5763002,Buenavista,,63.111,0
5763,5763003,Calarca,,63.13,0
5766,5766002,Balboa,,66.075,0
5766,5766014,Santuario,,66.687,0
5766,5766001,Apia,,66.045,0
5766,5766013,Santa Rosa de Cabal,,66.682,0
5766,5766012,Quinchia,,66.594,0
5766,5766011,Pueblo Rico,,66.572,0
5766,5766010,Pereira,,66.001,0
5766,5766009,Mistrato,,66.456,0
5766,5766008,Marsella,,66.44,0
5766,5766007,La Virginia,,66.4,0
5766,5766006,La Celia,,66.383,0
5766,5766005,Guatica,,66.318,0
5766,5766004,Dosquebradas,,66.17,0
5766,5766003,Belen de Umbria,,66.088,0
5768,5768072,San Jose de Miranda,,68.684,0
5768,5768001,Aguada,,68.013,0
5768,5768002,Albania,,68.02,0
5768,5768003,Aratoca,,68.051,0
5768,5768004,Barbosa,,68.077,0
5768,5768005,Barichara,,68.079,0
5768,5768006,Barrancabermeja,,68.081,0
5768,5768007,Betulia,,68.092,0
5768,5768008,Bolivar,,68.101,0
5768,5768009,Bucaramanga,,68.001,0
5768,5768010,Cabrera,,68.121,0
5768,5768011,California,,68.132,0
5768,5768012,Capitanejo,,68.147,0
5768,5768013,Carcasi,,68.152,0
5768,5768014,Cepita,,68.16,0
5768,5768015,Cerrito,,68.162,0
5768,5768016,Charala,,68.167,0
5768,5768017,Charta,,68.169,0
5768,5768018,Chima,,68.176,0
5768,5768019,Chipata,,68.179,0
5768,5768020,Cimitarra,,68.19,0
5768,5768021,Concepcion,,68.207,0
5768,5768022,Confines,,68.209,0
5768,5768023,Contratacion,,68.211,0
5768,5768024,Coromoro,,68.217,0
5768,5768025,Curiti,,68.229,0
5768,5768026,El Carmen de Chucuri,,68.235,0
5768,5768027,El Guacamayo,,68.245,0
5768,5768028,El Peñon,,68.25,0
5768,5768029,El Playon,,68.255,0
5768,5768030,Encino,,68.264,0
5768,5768031,Enciso,,68.266,0
5768,5768032,Florian,,68.271,0
5768,5768033,Floridablanca,,68.276,0
5768,5768034,Galan,,68.296,0
5768,5768035,Gambita,,68.298,0
5768,5768036,Giron,,68.307,0
5768,5768037,Guaca,,68.318,0
5768,5768038,Guadalupe,,68.32,0
5768,5768039,Guapota,,68.322,0
5768,5768040,Guavata,,68.324,0
5768,5768041,Gñepsa,,68.327,0
5768,5768042,Hato,,68.344,0
5768,5768043,Jesus Maria,,68.368,0
5768,5768044,Jordan,,68.37,0
5768,5768045,La Belleza,,68.377,0
5768,5768046,La Paz,,68.397,0
5768,5768047,Landazuri,,68.385,0
5768,5768048,Lebrija,,68.406,0
5768,5768049,Los Santos,,68.418,0
5768,5768050,Macaravita,,68.425,0
5768,5768051,Malaga,,68.432,0
5768,5768052,Matanza,,68.444,0
5768,5768053,Mogotes,,68.464,0
5768,5768054,Molagavita,,68.468,0
5768,5768055,Ocamonte,,68.498,0
5768,5768056,Oiba,,68.5,0
5768,5768057,Onzaga,,68.502,0
5768,5768058,Palmar,,68.522,0
5768,5768059,Palmas del Socorro,,68.524,0
5768,5768060,Paramo,,68.533,0
5768,5768061,Piedecuesta,,68.547,0
5768,5768062,Pinchote,,68.549,0
5768,5768063,Puente Nacional,,68.572,0
5768,5768064,Puerto Parra,,68.573,0
5768,5768065,Puerto Wilches,,68.575,0
5768,5768066,Rionegro,,68.615,0
5768,5768067,Sabana de Torres,,68.655,0
5768,5768068,San Andres,,68.669,0
5768,5768069,San Benito,,68.673,0
5768,5768070,San Gil,,68.679,0
5768,5768071,San Joaquin,,68.682,0
5768,5768073,San Miguel,,68.686,0
5768,5768074,San Vicente de Chucuri,,68.689,0
5768,5768075,Santa Barbara,,68.705,0
5768,5768076,Santa Helena del Opon,,68.72,0
5768,5768077,Simacota,,68.745,0
5768,5768078,Socorro,,68.755,0
5768,5768079,Suaita,,68.77,0
5768,5768080,Sucre,,68.773,0
5768,5768081,Surata,,68.78,0
5768,5768082,Tona,,68.82,0
5768,5768083,Valle de San Jose,,68.855,0
5768,5768084,Velez,,68.861,0
5768,5768085,Vetas,,68.867,0
5768,5768086,Villanueva,,68.872,0
5768,5768087,Zapatoca,,68.895,0
5770,5770022,San Pedro,,70.717,0
5770,5770023,Santiago de Tolu,,70.82,0
5770,5770024,Sincelejo,,70.001,0
5770,5770025,Sucre,,70.771,0
5770,5770026,Tolu Viejo,,70.823,0
5770,5770010,La Union,,70.4,0
5770,5770011,Los Palmitos,,70.418,0
5770,5770012,Majagual,,70.429,0
5770,5770013,Morroa,,70.473,0
5770,5770014,Ovejas,,70.508,0
5770,5770015,Palmito,,70.523,0
5770,5770016,Sampues,,70.67,0
5770,5770017,San Benito Abad,,70.678,0
5770,5770018,San Juan de Betulia,,70.702,0
5770,5770019,San Luis de Since,,70.742,0
5770,5770020,San Marcos,,70.708,0
5770,5770009,Guaranda,,70.265,0
5770,5770021,San Onofre,,70.713,0
5770,5770001,Buenavista,,70.11,0
5770,5770002,Caimito,,70.124,0
5770,5770003,Chalan,,70.23,0
5770,5770004,Coloso,,70.204,0
5770,5770005,Corozal,,70.215,0
5770,5770006,Coveñas,,70.221,0
5770,5770007,El Roble,,70.233,0
5770,5770008,Galeras,,70.235,0
5773,5773046,Villahermosa,,73.87,0
5773,5773047,Villarrica,,73.873,0
5773,5773037,Roncesvalles,,73.622,0
5773,5773036,Rio Blanco,,73.616,0
5773,5773038,Rovira,,73.624,0
5773,5773039,Saldaña,,73.671,0
5773,5773035,Purificacion,,73.585,0
5773,5773040,San Antonio,,73.675,0
5773,5773041,San Luis,,73.678,0
5773,5773042,Santa Isabel,,73.686,0
5773,5773043,Suarez,,73.77,0
5773,5773044,Valle de San Juan,,73.854,0
5773,5773034,Prado,,73.563,0
5773,5773033,Planadas,,73.555,0
5773,5773032,Piedras,,73.547,0
5773,5773031,Palocabildo,,73.52,0
5773,5773030,Ortega,,73.504,0
5773,5773029,Natagaima,,73.483,0
5773,5773028,Murillo,,73.461,0
5773,5773027,Melgar,,73.449,0
5773,5773025,Libano,,73.411,0
5773,5773026,Mariquita,,73.443,0
5773,5773001,Alpujarra,,73.024,0
5773,5773002,Alvarado,,73.026,0
5773,5773003,Ambalema,,73.03,0
5773,5773004,Anzoategui,,73.043,0
5773,5773005,Armero,,73.055,0
5773,5773006,Ataco,,73.067,0
5773,5773007,Cajamarca,,73.124,0
5773,5773008,Carmen de Apicala,,73.148,0
5773,5773009,Casabianca,,73.152,0
5773,5773010,Chaparral,,73.168,0
5773,5773011,Coello,,73.2,0
5773,5773012,Coyaima,,73.217,0
5773,5773013,Cunday,,73.226,0
5773,5773024,Lerida,,73.408,0
5773,5773023,Icononzo,,73.352,0
5773,5773022,Ibague,,73.001,0
5773,5773021,Honda,,73.349,0
5773,5773020,Herveo,,73.347,0
5773,5773019,Guamo,,73.319,0
5773,5773018,Fresno,,73.283,0
5773,5773017,Flandes,,73.275,0
5773,5773016,Falan,,73.27,0
5773,5773015,Espinal,,73.268,0
5773,5773014,Dolores,,73.236,0
5773,5773045,Venadillo,,73.861,0
5776,5776035,Trujillo,,76.828,0
5776,5776001,Alcala,,76.02,0
5776,5776002,Andalucia,,76.036,0
5776,5776003,Ansermanuevo,,76.041,0
5776,5776004,Argelia,,76.054,0
5776,5776005,Bolivar,,76.1,0
5776,5776006,Buenaventura,,76.109,0
5776,5776007,Bugalagrande,,76.113,0
5776,5776008,Caicedonia,,76.122,0
5776,5776009,Cali,,76.001,0
5776,5776010,Calima,,76.126,0
5776,5776011,Candelaria,,76.13,0
5776,5776012,Cartago,,76.147,0
5776,5776013,Dagua,,76.233,0
5776,5776014,El Cairo,,76.246,0
5776,5776015,El Cerrito,,76.248,0
5776,5776016,El Dovio,,76.25,0
5776,5776017,El aguila,,76.243,0
5776,5776018,Florida,,76.275,0
5776,5776019,Ginebra,,76.306,0
5776,5776020,Guacari,,76.318,0
5776,5776021,Guadalajara de Buga,,76.111,0
5776,5776022,Jamundi,,76.364,0
5776,5776023,La Cumbre,,76.377,0
5776,5776024,La Union,,76.4,0
5776,5776025,La Victoria,,76.403,0
5776,5776026,Obando,,76.497,0
5776,5776027,Palmira,,76.52,0
5776,5776028,Pradera,,76.563,0
5776,5776029,Restrepo,,76.606,0
5776,5776030,Riofrio,,76.616,0
5776,5776031,Roldanillo,,76.622,0
5776,5776032,San Pedro,,76.67,0
5776,5776033,Sevilla,,76.736,0
5776,5776034,Toro,,76.823,0
5776,5776036,Tulua,,76.834,0
5776,5776037,Ulloa,,76.845,0
5776,5776038,Versalles,,76.863,0
5776,5776039,Vijes,,76.869,0
5776,5776040,Yotoco,,76.89,0
5776,5776041,Yumbo,,76.892,0
5776,5776042,Zarzal,,76.895,0
5781,5781005,Puerto Rondon,,81.591,0
5781,5781003,Cravo Norte,,81.22,0
5781,5781001,Arauca,,81.001,0
5781,5781004,Fortul,,81.3,0
5781,5781007,Tame,,81.794,0
5781,5781006,Saravena,,81.736,0
5781,5781002,Arauquita,,81.065,0
5785,5785001,Aguazul,,85.01,0
5785,5785008,Orocue,,85.23,0
5785,5785019,Yopal,,85.001,0
5785,5785018,Villanueva,,85.44,0
5785,5785017,Trinidad,,85.43,0
5785,5785016,Tauramena,,85.41,0
5785,5785015,Tamara,,85.4,0
5785,5785014,San Luis de Gaceno,,85.325,0
5785,5785013,Sacama,,85.315,0
5785,5785012,Sabanalarga,,85.3,0
5785,5785011,Recetor,,85.279,0
5785,5785009,Paz de Ariporo,,85.25,0
5785,5785010,Pore,,85.263,0
5785,5785007,Nunchia,,85.225,0
5785,5785006,Monterrey,,85.162,0
5785,5785005,Mani,,85.139,0
5785,5785004,La Salina,,85.136,0
5785,5785003,Hato Corozal,,85.125,0
5785,5785002,Chameza,,85.015,0
5786,5786005,Puerto Asis,,86.568,0
5786,5786001,Colon,,86.219,0
5786,5786002,Leguizamo,,86.573,0
5786,5786003,Mocoa,,86.001,0
5786,5786004,Orito,,86.32,0
5786,5786006,Puerto Caicedo,,86.569,0
5786,5786007,Puerto Guzman,,86.571,0
5786,5786008,San Francisco,,86.755,0
5786,5786009,San Miguel,,86.757,0
5786,5786010,Santiago,,86.76,0
5786,5786011,Sibundoy,,86.749,0
5786,5786012,Valle de Guamez,,86.865,0
5786,5786013,Villagarzon,,86.885,0
5788,5788001,Providencia,,88.564,0
5788,5788002,San Andres,,88.001,0
5791,5791001,El Encanto,,91.263,0
5791,5791011,Tarapaca,,91.798,0
5791,5791010,Puerto Santander,,91.669,0
5791,5791009,Puerto Nariño,,91.54,0
5791,5791008,Puerto Arica,,91.536,0
5791,5791007,Puerto Alegria,,91.53,0
5791,5791006,Miriti Parana,,91.46,0
5791,5791005,Leticia,,91.001,0
5791,5791004,La Victoria,,91.43,0
5791,5791003,La Pedrera,,91.407,0
5791,5791002,La Chorrera,,91.405,0
5794,5794004,La Guadalupe,,94.885,0
5794,5794005,Mapiripana,,94.663,0
5794,5794002,Cacahual,,94.886,0
5794,5794001,Barranco Minas,,94.343,0
5794,5794006,Morichal,,94.888,0
5794,5794007,Pana Pana,,94.887,0
5794,5794008,Puerto Colombia,,94.884,0
5794,5794009,San Felipe,,94.883,0
5794,5794003,Inirida,,94.001,0
5795,5795004,San Jose del Guaviare,,95.001,0
5795,5795001,Calamar,,95.015,0
5795,5795002,El Retorno,,95.025,0
5795,5795003,Miraflores,,95.2,0
5797,5797001,Caruru,,97.161,0
5797,5797005,Taraira,,97.666,0
5797,5797004,Papunahua,,97.777,0
5797,5797003,Pacoa,,97.511,0
5797,5797002,Mitu,,97.001,0
5797,5797006,Yavarate,,97.889,0
5799,5799003,Puerto Carreño,,99.001,0
5799,5799002,La Primavera,,99.524,0
5799,5799001,Cumaribo,,99.773,0
5799,5799004,Santa Rosalia,,99.624,0
